id,company,date,role,seniority,location,department,source,scraped_at
1,Infosys,2026-04-21,Mortgage Loan Processor,Mid-level,"Atlanta, GA401(k) +3 benefits1 week ago",Other,LinkedIn,2026-04-30T12:03:30.873695
2,Infosys,2026-04-20,Executive Assistant,Mid-level,New York City Metropolitan Area1 week ago,Other,LinkedIn,2026-04-30T12:03:30.873879
3,Infosys,2026-04-09,Marketing Coordinator,Mid-level,United States2 weeks ago,Marketing,LinkedIn,2026-04-30T12:03:30.874041
4,Infosys,2026-04-17,Processor,Mid-level,United States1 week ago,Other,LinkedIn,2026-04-30T12:03:30.874199
5,Infosys,2026-04-21,Mortgage Loan Processor,Mid-level,"Atlanta, GA1 week ago",Other,LinkedIn,2026-04-30T12:03:30.874363
6,Infosys,2026-04-18,Underwriter,Mid-level,United States1 week ago,Other,LinkedIn,2026-04-30T12:03:30.874548
7,Infosys,2026-04-24,Executive Administrative Assistant,Mid-level,New York City Metropolitan Area5 days ago,Other,LinkedIn,2026-04-30T12:03:30.874730
8,Infosys,2026-04-13,Senior Director Sourcing and Procurement Services,Senior,United StatesMedical insurance +5 benefits2 weeks ago,Other,LinkedIn,2026-04-30T12:03:30.874901
9,Infosys,2026-04-23,Project Coordinator,Mid-level,"Denver, CO6 days ago",Other,LinkedIn,2026-04-30T12:03:30.875062
10,Infosys,2026-04-24,Python Developer,Mid-level,"Hartford, CT5 days ago",Engineering,LinkedIn,2026-04-30T12:03:30.875218
11,Infosys,2026-04-21,Director of Procurement,Management,"Batavia, IL401(k) +3 benefits1 week ago",Other,LinkedIn,2026-04-30T12:03:30.875384
12,Infosys,2026-04-01,Product Owner,Mid-level,New York City Metropolitan Area4 weeks ago,Product,LinkedIn,2026-04-30T12:03:30.875540
13,Infosys,2026-04-22,Python Developer,Mid-level,"Jersey City, NJ1 week ago",Engineering,LinkedIn,2026-04-30T12:03:30.875688
14,Infosys,2026-04-01,Product Owner,Mid-level,"New Jersey, United States4 weeks ago",Product,LinkedIn,2026-04-30T12:03:30.875839
15,Infosys,2026-04-01,Product Owner,Mid-level,Greater Boston4 weeks ago,Product,LinkedIn,2026-04-30T12:03:30.875994
16,Infosys,2026-04-17,Product Manager,Management,"New York, United StatesMedical insurance +5 benefits1 week ago",Product,LinkedIn,2026-04-30T12:03:30.876151
17,Infosys,2026-04-01,Product Owner,Mid-level,Greater Chicago Area4 weeks ago,Product,LinkedIn,2026-04-30T12:03:30.876303
18,Infosys,2026-04-24,Senior Procurement Specialist,Senior,"Chicago, IL401(k)5 days ago",Other,LinkedIn,2026-04-30T12:03:30.876455
19,Infosys,2026-04-06,Procurement Specialist,Mid-level,"Batavia, IL3 weeks ago",Other,LinkedIn,2026-04-30T12:03:30.876622
20,Infosys,2026-04-18,Designer,Mid-level,New York City Metropolitan Area1 week ago,Other,LinkedIn,2026-04-30T12:03:30.876779
21,Infosys,2026-04-09,Senior Director - Human Resource Outsourcing,Senior,"Atlanta, GA2 weeks ago",HR,LinkedIn,2026-04-30T12:03:30.876926
22,Infosys,2026-04-17,Network Engineer,Mid-level,"Ann Arbor, MI1 week ago",Engineering,LinkedIn,2026-04-30T12:03:30.877072
23,Infosys,2026-04-17,Mortgage Underwriter,Mid-level,"Atlanta, GAMedical insurance +5 benefits1 week ago",Other,LinkedIn,2026-04-30T12:03:30.877230
24,Infosys,2026-04-12,"Client Partner, Healthcare",Mid-level,"Chicago, IL2 weeks ago",Other,LinkedIn,2026-04-30T12:03:30.877380
25,Infosys,2026-04-07,Senior Director - New Business Sales (Financial Services),Senior,United StatesMedical insurance +5 benefits3 weeks ago,Sales,LinkedIn,2026-04-30T12:03:30.877534
26,Infosys,2026-04-21,Senior Procurement Consultant,Senior,"Chicago, IL1 week ago",Other,LinkedIn,2026-04-30T12:03:30.877680
27,Infosys,2026-04-24,Data Scientist,Mid-level,"Alpharetta, GA5 days ago",Data & Analytics,LinkedIn,2026-04-30T12:03:30.877820
28,Infosys,2026-04-02,Senior Business Development Director – Oil & Gas,Senior,"Houston, TXDental insurance +6 benefits3 weeks ago",Sales,LinkedIn,2026-04-30T12:03:30.880679
29,Infosys,2026-04-17,Payroll Associate,Junior,"Tempe, AZ1 week ago",Other,LinkedIn,2026-04-30T12:03:30.880980
30,Infosys,2026-04-17,SQL Database Administrator,Mid-level,"Hartford, CT1 week ago",Data & Analytics,LinkedIn,2026-04-30T12:03:30.881172
31,Infosys,2026-04-08,Operations Manager,Management,"Franklin, WI3 weeks ago",Other,LinkedIn,2026-04-30T12:03:30.881350
32,Infosys,2026-04-01,Senior Consultant- Learning and Development,Senior,"Houston, TX4 weeks ago",Other,LinkedIn,2026-04-30T12:03:30.881523
33,Infosys,2026-04-09,Windows Administrator,Mid-level,"Hartford, CTBe an early applicant2 weeks ago",Other,LinkedIn,2026-04-30T12:03:30.881704
34,Infosys,2026-04-07,Senior Business Development Director – Oil & Gas,Senior,"Houston, TXDental insurance +6 benefits3 weeks ago",Sales,LinkedIn,2026-04-30T12:03:30.881887
35,Infosys,2026-04-24,Data Scientist,Mid-level,"Alpharetta, GA5 days ago",Data & Analytics,LinkedIn,2026-04-30T12:03:30.882057
36,Infosys,2026-04-24,Data Scientist,Mid-level,"Alpharetta, GA5 days ago",Data & Analytics,LinkedIn,2026-04-30T12:03:30.882228
37,Infosys,2026-04-16,Associate Manager - Client Services - Manufacturing,Management,Atlanta Metropolitan Area2 weeks ago,Other,LinkedIn,2026-04-30T12:03:30.882533
38,Infosys,2026-04-13,Project Manager,Management,"Reno, NVMedical insurance +7 benefits2 weeks ago",Other,LinkedIn,2026-04-30T12:03:30.882720
39,Infosys,2026-04-24,Data Scientist,Mid-level,"Alpharetta, GA5 days ago",Data & Analytics,LinkedIn,2026-04-30T12:03:30.882889
40,Infosys,2026-04-24,Data Scientist,Mid-level,"Alpharetta, GA5 days ago",Data & Analytics,LinkedIn,2026-04-30T12:03:30.883049
41,Infosys,2026-04-15,Java Developer,Mid-level,"Bothell, WA2 weeks ago",Engineering,LinkedIn,2026-04-30T12:03:30.883216
42,Infosys,2026-04-23,Consultant,Mid-level,"Chicago, IL6 days ago",Other,LinkedIn,2026-04-30T12:03:30.883383
43,Infosys,2026-04-08,Desktop Technician,Mid-level,"Duluth, GA3 weeks ago",Other,LinkedIn,2026-04-30T12:03:30.883549
44,Infosys,2026-04-29,Mortgage Business Analyst,Mid-level,"Richardson, TX10 hours ago",Data & Analytics,LinkedIn,2026-04-30T12:03:30.883715
45,Infosys,2026-04-09,SQL Database Administrator,Mid-level,"Hartford, CT2 weeks ago",Data & Analytics,LinkedIn,2026-04-30T12:03:30.883879
46,Infosys,2026-04-14,Associate Client Manager,Management,Atlanta Metropolitan Area2 weeks ago,Other,LinkedIn,2026-04-30T12:03:30.884052
47,Infosys,2026-04-21,HR Business Development Director,Management,United States1 week ago,HR,LinkedIn,2026-04-30T12:03:30.884214
48,Infosys,2026-04-24,Business Analyst - Capitals Market,Mid-level,"Tampa, FL5 days ago",Data & Analytics,LinkedIn,2026-04-30T12:03:30.884389
49,Infosys,2026-04-17,Business Development Executive,Mid-level,"Dallas, TX1 week ago",Sales,LinkedIn,2026-04-30T12:03:30.884556
50,Infosys,2026-04-20,Project Manager,Management,"Reno, NVMedical insurance +7 benefits1 week ago",Other,LinkedIn,2026-04-30T12:03:30.884780
51,Infosys,2026-04-17,Java Full‑Stack Developer,Mid-level,"Jersey City, NJ1 week ago",Engineering,LinkedIn,2026-04-30T12:03:30.884952
52,Infosys,2026-04-08,Manufacturing Engineer,Mid-level,"Lafayette, IN3 weeks ago",Engineering,LinkedIn,2026-04-30T12:03:30.885106
53,Infosys,2026-04-28,Senior Associate Lead - Talent Acquisition,Senior,"Reston, VA1 day ago",HR,LinkedIn,2026-04-30T12:03:30.885256
54,Infosys,2026-04-16,Lead - BPHR,Senior,"Hartford, CT1 week ago",HR,LinkedIn,2026-04-30T12:03:30.885447
55,Infosys,2026-04-10,Business Development Executive,Mid-level,"Dallas, TX2 weeks ago",Sales,LinkedIn,2026-04-30T12:03:30.885601
56,Infosys,2026-04-24,Appraisal Analyst-Process Specialist,Mid-level,United States5 days ago,Data & Analytics,LinkedIn,2026-04-30T12:03:30.885749
57,Infosys,2026-04-29,Java Full‑Stack Developer,Mid-level,"New York, NY7 hours ago",Engineering,LinkedIn,2026-04-30T12:03:30.885903
58,Infosys,2026-04-14,Customer Service Representative,Mid-level,"Des Moines, IA2 weeks ago",Other,LinkedIn,2026-04-30T12:03:30.886067
59,Infosys,2026-04-09,"Senior Director - Sales in Manufacturing, Automobile and Aerospace",Senior,"Atlanta, GA2 weeks ago",Data & Analytics,LinkedIn,2026-04-30T12:03:30.886217
60,Infosys,2026-04-21,Mortgage Loan Processor,Mid-level,"Atlanta, GAActively Hiring +4 benefits1 week ago",Other,LinkedIn,2026-04-30T12:03:37.914479
61,Infosys,2026-04-20,Executive Assistant,Mid-level,New York City Metropolitan AreaActively Hiring1 week ago,Other,LinkedIn,2026-04-30T12:03:37.914639
62,Infosys,2026-04-09,Marketing Coordinator,Mid-level,United StatesActively Hiring2 weeks ago,Marketing,LinkedIn,2026-04-30T12:03:37.914788
63,Infosys,2026-04-17,Processor,Mid-level,United StatesActively Hiring1 week ago,Other,LinkedIn,2026-04-30T12:03:37.914931
64,Infosys,2026-04-21,Mortgage Loan Processor,Mid-level,"Atlanta, GAActively Hiring1 week ago",Other,LinkedIn,2026-04-30T12:03:37.915087
65,Infosys,2026-04-18,Underwriter,Mid-level,United StatesActively Hiring1 week ago,Other,LinkedIn,2026-04-30T12:03:37.915235
66,Infosys,2026-04-24,Executive Administrative Assistant,Mid-level,New York City Metropolitan AreaActively Hiring5 days ago,Other,LinkedIn,2026-04-30T12:03:37.915380
67,Infosys,2026-04-13,Senior Director Sourcing and Procurement Services,Senior,United StatesActively Hiring +6 benefits2 weeks ago,Other,LinkedIn,2026-04-30T12:03:37.915525
68,Infosys,2026-04-23,Project Coordinator,Mid-level,"Denver, COActively Hiring6 days ago",Other,LinkedIn,2026-04-30T12:03:37.915670
69,Infosys,2026-04-24,Python Developer,Mid-level,"Hartford, CTActively Hiring5 days ago",Engineering,LinkedIn,2026-04-30T12:03:37.915811
70,Infosys,2026-04-21,Director of Procurement,Management,"Batavia, ILActively Hiring +4 benefits1 week ago",Other,LinkedIn,2026-04-30T12:03:37.915999
71,Infosys,2026-04-01,Product Owner,Mid-level,New York City Metropolitan AreaActively Hiring4 weeks ago,Product,LinkedIn,2026-04-30T12:03:37.916146
72,Infosys,2026-04-22,Python Developer,Mid-level,"Jersey City, NJActively Hiring1 week ago",Engineering,LinkedIn,2026-04-30T12:03:37.916290
73,Infosys,2026-04-01,Product Owner,Mid-level,"New Jersey, United StatesActively Hiring4 weeks ago",Product,LinkedIn,2026-04-30T12:03:37.916432
74,Infosys,2026-04-01,Product Owner,Mid-level,Greater BostonActively Hiring4 weeks ago,Product,LinkedIn,2026-04-30T12:03:37.916604
75,Infosys,2026-04-17,Product Manager,Management,"New York, United StatesActively Hiring +6 benefits1 week ago",Product,LinkedIn,2026-04-30T12:03:37.916747
76,Infosys,2026-04-01,Product Owner,Mid-level,Greater Chicago AreaActively Hiring4 weeks ago,Product,LinkedIn,2026-04-30T12:03:37.916889
77,Infosys,2026-04-24,Senior Procurement Specialist,Senior,"Chicago, ILActively Hiring +1 benefits5 days ago",Other,LinkedIn,2026-04-30T12:03:37.917042
78,Infosys,2026-04-06,Procurement Specialist,Mid-level,"Batavia, ILActively Hiring3 weeks ago",Other,LinkedIn,2026-04-30T12:03:37.917189
79,Infosys,2026-04-18,Designer,Mid-level,New York City Metropolitan AreaActively Hiring1 week ago,Other,LinkedIn,2026-04-30T12:03:37.917329
80,Infosys,2026-04-09,Senior Director - Human Resource Outsourcing,Senior,"Atlanta, GAActively Hiring2 weeks ago",HR,LinkedIn,2026-04-30T12:03:37.917467
81,Infosys,2026-04-17,Network Engineer,Mid-level,"Ann Arbor, MIActively Hiring1 week ago",Engineering,LinkedIn,2026-04-30T12:03:37.917603
82,Infosys,2026-04-17,Mortgage Underwriter,Mid-level,"Atlanta, GAActively Hiring +6 benefits1 week ago",Other,LinkedIn,2026-04-30T12:03:37.917742
83,Infosys,2026-04-12,"Client Partner, Healthcare",Mid-level,"Chicago, ILActively Hiring2 weeks ago",Other,LinkedIn,2026-04-30T12:03:37.917880
84,Infosys,2026-04-07,Senior Director - New Business Sales (Financial Services),Senior,United StatesActively Hiring +6 benefits3 weeks ago,Sales,LinkedIn,2026-04-30T12:03:37.918017
85,Infosys,2026-04-21,Senior Procurement Consultant,Senior,"Chicago, ILActively Hiring1 week ago",Other,LinkedIn,2026-04-30T12:03:37.918159
86,Infosys,2026-04-24,Data Scientist,Mid-level,"Alpharetta, GAActively Hiring5 days ago",Data & Analytics,LinkedIn,2026-04-30T12:03:37.918300
87,Infosys,2026-04-02,Senior Business Development Director – Oil & Gas,Senior,"Houston, TXActively Hiring +7 benefits3 weeks ago",Sales,LinkedIn,2026-04-30T12:03:37.918451
88,Infosys,2026-04-17,Payroll Associate,Junior,"Tempe, AZActively Hiring1 week ago",Other,LinkedIn,2026-04-30T12:03:37.918596
89,Infosys,2026-04-17,SQL Database Administrator,Mid-level,"Hartford, CTActively Hiring1 week ago",Data & Analytics,LinkedIn,2026-04-30T12:03:37.918738
90,Infosys,2026-04-08,Operations Manager,Management,"Franklin, WIActively Hiring3 weeks ago",Other,LinkedIn,2026-04-30T12:03:37.918882
91,Infosys,2026-04-01,Senior Consultant- Learning and Development,Senior,"Houston, TXActively Hiring4 weeks ago",Other,LinkedIn,2026-04-30T12:03:37.919098
92,Infosys,2026-04-09,Windows Administrator,Mid-level,"Hartford, CTBe an early applicant2 weeks ago",Other,LinkedIn,2026-04-30T12:03:37.919255
93,Infosys,2026-04-07,Senior Business Development Director – Oil & Gas,Senior,"Houston, TXActively Hiring +7 benefits3 weeks ago",Sales,LinkedIn,2026-04-30T12:03:37.919406
94,Infosys,2026-04-24,Data Scientist,Mid-level,"Alpharetta, GAActively Hiring5 days ago",Data & Analytics,LinkedIn,2026-04-30T12:03:37.919550
95,Infosys,2026-04-24,Data Scientist,Mid-level,"Alpharetta, GAActively Hiring5 days ago",Data & Analytics,LinkedIn,2026-04-30T12:03:37.919690
96,Infosys,2026-04-16,Associate Manager - Client Services - Manufacturing,Management,Atlanta Metropolitan AreaActively Hiring2 weeks ago,Other,LinkedIn,2026-04-30T12:03:37.919843
97,Infosys,2026-04-13,Project Manager,Management,"Reno, NVActively Hiring +8 benefits2 weeks ago",Other,LinkedIn,2026-04-30T12:03:37.919991
98,Infosys,2026-04-24,Data Scientist,Mid-level,"Alpharetta, GAActively Hiring5 days ago",Data & Analytics,LinkedIn,2026-04-30T12:03:37.920131
99,Infosys,2026-04-24,Data Scientist,Mid-level,"Alpharetta, GAActively Hiring5 days ago",Data & Analytics,LinkedIn,2026-04-30T12:03:37.920272
100,Infosys,2026-04-15,Java Developer,Mid-level,"Bothell, WAActively Hiring2 weeks ago",Engineering,LinkedIn,2026-04-30T12:03:37.920408
101,Infosys,2026-04-23,Consultant,Mid-level,"Chicago, ILActively Hiring6 days ago",Other,LinkedIn,2026-04-30T12:03:37.920546
102,Infosys,2026-04-08,Desktop Technician,Mid-level,"Duluth, GAActively Hiring3 weeks ago",Other,LinkedIn,2026-04-30T12:03:37.920690
103,Infosys,2026-04-29,Mortgage Business Analyst,Mid-level,"Richardson, TXActively Hiring10 hours ago",Data & Analytics,LinkedIn,2026-04-30T12:03:37.920827
104,Infosys,2026-04-09,SQL Database Administrator,Mid-level,"Hartford, CTActively Hiring2 weeks ago",Data & Analytics,LinkedIn,2026-04-30T12:03:37.920963
105,Infosys,2026-04-14,Associate Client Manager,Management,Atlanta Metropolitan AreaActively Hiring2 weeks ago,Other,LinkedIn,2026-04-30T12:03:37.921116
106,Infosys,2026-04-21,HR Business Development Director,Management,United StatesActively Hiring1 week ago,HR,LinkedIn,2026-04-30T12:03:37.921253
107,Infosys,2026-04-24,Business Analyst - Capitals Market,Mid-level,"Tampa, FLActively Hiring5 days ago",Data & Analytics,LinkedIn,2026-04-30T12:03:37.921390
108,Infosys,2026-04-17,Business Development Executive,Mid-level,"Dallas, TXActively Hiring1 week ago",Sales,LinkedIn,2026-04-30T12:03:37.921531
109,Infosys,2026-04-20,Project Manager,Management,"Reno, NVActively Hiring +8 benefits1 week ago",Other,LinkedIn,2026-04-30T12:03:37.921669
110,Infosys,2026-04-17,Java Full‑Stack Developer,Mid-level,"Jersey City, NJActively Hiring1 week ago",Engineering,LinkedIn,2026-04-30T12:03:37.921814
111,Infosys,2026-04-08,Manufacturing Engineer,Mid-level,"Lafayette, INActively Hiring3 weeks ago",Engineering,LinkedIn,2026-04-30T12:03:37.921954
112,Infosys,2026-04-28,Senior Associate Lead - Talent Acquisition,Senior,"Reston, VAActively Hiring1 day ago",HR,LinkedIn,2026-04-30T12:03:37.922090
113,Infosys,2026-04-16,Lead - BPHR,Senior,"Hartford, CTActively Hiring1 week ago",HR,LinkedIn,2026-04-30T12:03:37.922223
114,Infosys,2026-04-10,Business Development Executive,Mid-level,"Dallas, TXActively Hiring2 weeks ago",Sales,LinkedIn,2026-04-30T12:03:37.922360
115,Infosys,2026-04-24,Appraisal Analyst-Process Specialist,Mid-level,United StatesActively Hiring5 days ago,Data & Analytics,LinkedIn,2026-04-30T12:03:37.922493
116,Infosys,2026-04-29,Java Full‑Stack Developer,Mid-level,"New York, NYActively Hiring7 hours ago",Engineering,LinkedIn,2026-04-30T12:03:37.922632
117,Infosys,2026-04-09,"Senior Director - Sales in Manufacturing, Automobile and Aerospace",Senior,"Atlanta, GAActively Hiring2 weeks ago",Data & Analytics,LinkedIn,2026-04-30T12:03:37.922766
118,Infosys,2026-04-07,Business Development Director – Telecom,Management,"Dallas, TXActively Hiring3 weeks ago",Sales,LinkedIn,2026-04-30T12:03:37.922906
119,Infosys,2026-04-21,Mortgage Loan Processor,Mid-level,"Atlanta, GAActively Hiring +4 benefits1 week ago",Other,LinkedIn,2026-04-30T12:03:46.139511
120,Infosys,2026-04-20,Executive Assistant,Mid-level,New York City Metropolitan AreaActively Hiring1 week ago,Other,LinkedIn,2026-04-30T12:03:46.139740
121,Infosys,2026-04-09,Marketing Coordinator,Mid-level,United StatesActively Hiring2 weeks ago,Marketing,LinkedIn,2026-04-30T12:03:46.139896
122,Infosys,2026-04-17,Processor,Mid-level,United StatesActively Hiring1 week ago,Other,LinkedIn,2026-04-30T12:03:46.140039
123,Infosys,2026-04-21,Mortgage Loan Processor,Mid-level,"Atlanta, GAActively Hiring1 week ago",Other,LinkedIn,2026-04-30T12:03:46.140196
124,Infosys,2026-04-18,Underwriter,Mid-level,United StatesActively Hiring1 week ago,Other,LinkedIn,2026-04-30T12:03:46.140346
125,Infosys,2026-04-24,Executive Administrative Assistant,Mid-level,New York City Metropolitan AreaActively Hiring5 days ago,Other,LinkedIn,2026-04-30T12:03:46.140499
126,Infosys,2026-04-13,Senior Director Sourcing and Procurement Services,Senior,United StatesActively Hiring +6 benefits2 weeks ago,Other,LinkedIn,2026-04-30T12:03:46.140650
127,Infosys,2026-04-23,Project Coordinator,Mid-level,"Denver, COActively Hiring6 days ago",Other,LinkedIn,2026-04-30T12:03:46.140802
128,Infosys,2026-04-24,Python Developer,Mid-level,"Hartford, CTActively Hiring5 days ago",Engineering,LinkedIn,2026-04-30T12:03:46.140945
129,Infosys,2026-04-21,Director of Procurement,Management,"Batavia, ILActively Hiring +4 benefits1 week ago",Other,LinkedIn,2026-04-30T12:03:46.141090
130,Infosys,2026-04-01,Product Owner,Mid-level,New York City Metropolitan AreaActively Hiring4 weeks ago,Product,LinkedIn,2026-04-30T12:03:46.141232
131,Infosys,2026-04-22,Python Developer,Mid-level,"Jersey City, NJActively Hiring1 week ago",Engineering,LinkedIn,2026-04-30T12:03:46.141366
132,Infosys,2026-04-01,Product Owner,Mid-level,"New Jersey, United StatesActively Hiring4 weeks ago",Product,LinkedIn,2026-04-30T12:03:46.141508
133,Infosys,2026-04-01,Product Owner,Mid-level,Greater BostonActively Hiring4 weeks ago,Product,LinkedIn,2026-04-30T12:03:46.141650
134,Infosys,2026-04-17,Product Manager,Management,"New York, United StatesActively Hiring +6 benefits1 week ago",Product,LinkedIn,2026-04-30T12:03:46.141803
135,Infosys,2026-04-01,Product Owner,Mid-level,Greater Chicago AreaActively Hiring4 weeks ago,Product,LinkedIn,2026-04-30T12:03:46.141949
136,Infosys,2026-04-24,Senior Procurement Specialist,Senior,"Chicago, ILActively Hiring +1 benefits5 days ago",Other,LinkedIn,2026-04-30T12:03:46.142094
137,Infosys,2026-04-06,Procurement Specialist,Mid-level,"Batavia, ILActively Hiring3 weeks ago",Other,LinkedIn,2026-04-30T12:03:46.142235
138,Infosys,2026-04-18,Designer,Mid-level,New York City Metropolitan AreaActively Hiring1 week ago,Other,LinkedIn,2026-04-30T12:03:46.142375
139,Infosys,2026-04-09,Senior Director - Human Resource Outsourcing,Senior,"Atlanta, GAActively Hiring2 weeks ago",HR,LinkedIn,2026-04-30T12:03:46.142513
140,Infosys,2026-04-17,Network Engineer,Mid-level,"Ann Arbor, MIActively Hiring1 week ago",Engineering,LinkedIn,2026-04-30T12:03:46.142649
141,Infosys,2026-04-17,Mortgage Underwriter,Mid-level,"Atlanta, GAActively Hiring +6 benefits1 week ago",Other,LinkedIn,2026-04-30T12:03:46.142790
142,Infosys,2026-04-12,"Client Partner, Healthcare",Mid-level,"Chicago, ILActively Hiring2 weeks ago",Other,LinkedIn,2026-04-30T12:03:46.142930
143,Infosys,2026-04-07,Senior Director - New Business Sales (Financial Services),Senior,United StatesActively Hiring +6 benefits3 weeks ago,Sales,LinkedIn,2026-04-30T12:03:46.143071
144,Infosys,2026-04-21,Senior Procurement Consultant,Senior,"Chicago, ILActively Hiring1 week ago",Other,LinkedIn,2026-04-30T12:03:46.143210
145,Infosys,2026-04-24,Data Scientist,Mid-level,"Alpharetta, GAActively Hiring5 days ago",Data & Analytics,LinkedIn,2026-04-30T12:03:46.143343
146,Infosys,2026-04-02,Senior Business Development Director – Oil & Gas,Senior,"Houston, TXActively Hiring +7 benefits3 weeks ago",Sales,LinkedIn,2026-04-30T12:03:46.143491
147,Infosys,2026-04-17,Payroll Associate,Junior,"Tempe, AZActively Hiring1 week ago",Other,LinkedIn,2026-04-30T12:03:46.143632
148,Infosys,2026-04-17,SQL Database Administrator,Mid-level,"Hartford, CTActively Hiring1 week ago",Data & Analytics,LinkedIn,2026-04-30T12:03:46.143783
149,Infosys,2026-04-08,Operations Manager,Management,"Franklin, WIActively Hiring3 weeks ago",Other,LinkedIn,2026-04-30T12:03:46.143925
150,Infosys,2026-04-01,Senior Consultant- Learning and Development,Senior,"Houston, TXActively Hiring4 weeks ago",Other,LinkedIn,2026-04-30T12:03:46.144068
151,Infosys,2026-04-09,Windows Administrator,Mid-level,"Hartford, CTBe an early applicant2 weeks ago",Other,LinkedIn,2026-04-30T12:03:46.144207
152,Infosys,2026-04-07,Senior Business Development Director – Oil & Gas,Senior,"Houston, TXActively Hiring +7 benefits3 weeks ago",Sales,LinkedIn,2026-04-30T12:03:46.144353
153,Infosys,2026-04-24,Data Scientist,Mid-level,"Alpharetta, GAActively Hiring5 days ago",Data & Analytics,LinkedIn,2026-04-30T12:03:46.144487
154,Infosys,2026-04-24,Data Scientist,Mid-level,"Alpharetta, GAActively Hiring5 days ago",Data & Analytics,LinkedIn,2026-04-30T12:03:46.144623
155,Infosys,2026-04-16,Associate Manager - Client Services - Manufacturing,Management,Atlanta Metropolitan AreaActively Hiring2 weeks ago,Other,LinkedIn,2026-04-30T12:03:46.144768
156,Infosys,2026-04-13,Project Manager,Management,"Reno, NVActively Hiring +8 benefits2 weeks ago",Other,LinkedIn,2026-04-30T12:03:46.144909
157,Infosys,2026-04-24,Data Scientist,Mid-level,"Alpharetta, GAActively Hiring5 days ago",Data & Analytics,LinkedIn,2026-04-30T12:03:46.145047
158,Infosys,2026-04-24,Data Scientist,Mid-level,"Alpharetta, GAActively Hiring5 days ago",Data & Analytics,LinkedIn,2026-04-30T12:03:46.145184
159,Infosys,2026-04-15,Java Developer,Mid-level,"Bothell, WAActively Hiring2 weeks ago",Engineering,LinkedIn,2026-04-30T12:03:46.145319
160,Infosys,2026-04-23,Consultant,Mid-level,"Chicago, ILActively Hiring6 days ago",Other,LinkedIn,2026-04-30T12:03:46.145459
161,Infosys,2026-04-08,Desktop Technician,Mid-level,"Duluth, GAActively Hiring3 weeks ago",Other,LinkedIn,2026-04-30T12:03:46.145600
162,Infosys,2026-04-29,Mortgage Business Analyst,Mid-level,"Richardson, TXActively Hiring10 hours ago",Data & Analytics,LinkedIn,2026-04-30T12:03:46.145746
163,Infosys,2026-04-09,SQL Database Administrator,Mid-level,"Hartford, CTActively Hiring2 weeks ago",Data & Analytics,LinkedIn,2026-04-30T12:03:46.145880
164,Infosys,2026-04-14,Associate Client Manager,Management,Atlanta Metropolitan AreaActively Hiring2 weeks ago,Other,LinkedIn,2026-04-30T12:03:46.146023
165,Infosys,2026-04-21,HR Business Development Director,Management,United StatesActively Hiring1 week ago,HR,LinkedIn,2026-04-30T12:03:46.146160
166,Infosys,2026-04-24,Business Analyst - Capitals Market,Mid-level,"Tampa, FLActively Hiring5 days ago",Data & Analytics,LinkedIn,2026-04-30T12:03:46.146299
167,Infosys,2026-04-17,Business Development Executive,Mid-level,"Dallas, TXActively Hiring1 week ago",Sales,LinkedIn,2026-04-30T12:03:46.146436
168,Infosys,2026-04-20,Project Manager,Management,"Reno, NVActively Hiring +8 benefits1 week ago",Other,LinkedIn,2026-04-30T12:03:46.146577
169,Infosys,2026-04-17,Java Full‑Stack Developer,Mid-level,"Jersey City, NJActively Hiring1 week ago",Engineering,LinkedIn,2026-04-30T12:03:46.146722
170,Infosys,2026-04-08,Manufacturing Engineer,Mid-level,"Lafayette, INActively Hiring3 weeks ago",Engineering,LinkedIn,2026-04-30T12:03:46.146901
171,Infosys,2026-04-28,Senior Associate Lead - Talent Acquisition,Senior,"Reston, VAActively Hiring1 day ago",HR,LinkedIn,2026-04-30T12:03:46.147196
172,Infosys,2026-04-16,Lead - BPHR,Senior,"Hartford, CTActively Hiring1 week ago",HR,LinkedIn,2026-04-30T12:03:46.147374
173,Infosys,2026-04-10,Business Development Executive,Mid-level,"Dallas, TXActively Hiring2 weeks ago",Sales,LinkedIn,2026-04-30T12:03:46.147518
174,Infosys,2026-04-24,Appraisal Analyst-Process Specialist,Mid-level,United StatesActively Hiring5 days ago,Data & Analytics,LinkedIn,2026-04-30T12:03:46.147659
175,Infosys,2026-04-29,Java Full‑Stack Developer,Mid-level,"New York, NYActively Hiring7 hours ago",Engineering,LinkedIn,2026-04-30T12:03:46.147817
176,Infosys,2026-04-09,"Senior Director - Sales in Manufacturing, Automobile and Aerospace",Senior,"Atlanta, GAActively Hiring2 weeks ago",Data & Analytics,LinkedIn,2026-04-30T12:03:46.147957
177,Infosys,2026-04-07,Business Development Director – Telecom,Management,"Dallas, TXActively Hiring3 weeks ago",Sales,LinkedIn,2026-04-30T12:03:46.148102
